## These are comments,,,,,,,,,,,,,,,,,,
# Expecting the following format for each row,,,,,,,,,,,,,,,,,,
# Player,character,alt,character,alt,character,alt,character,alt,character,alt,character,alt,,,,,,
Watherum,Ranno,T_Ran_Tuxedo_Neutral_CSP,Clairen,T_Cla_Abyss_Red_CSP,Kragg,T_Kra_Default_Abyssal_CSP,Zetterburn,T_Zet_Abyss_Red_CSP,Galvan,T_Gal_Genesis_Red_CSP
Monocle Gentlesir,Maypul,T_May_Sylvan_Green_CSP,Clairen,T_Cla_Abyss_Green_CSP,La Reina,T_Lar_Hornet_Green_CSP
Average Alex,Clairen,T_Cla_Leopard_Pink_CSP,Forsburn,T_For_Default_Neutral_CSP,Random,T_Ran_Blue,Maypul,T_May_Primal_Orange_CSP,Wrastor,T_Wra_Default_Neutral_CSP,Kragg,T_Kra_Default_Neutral_CSP,Orcane,T_Orc_Prehistoric_CoolBlue_CSP,Loxodont,T_Lox_Summer_Blue_CSP,Zetterburn,T_Zet_Default_Neutral_CSP,Etalus,T_Eta_Default_Green_CSP,Olympia,T_Oly_LowPoly_Green_CSP,Fleet,T_Fle_Ranger_Green_CSP,Ranno,T_Ran_LowPoly_Orange_CSP,Absa,T_Abs_Summer_Green_CSP,Galvan,T_Gal_Abyss_Midnight_CSP,La Reina,T_Lar_Lucha_Green_CSP,Slade,T_Sla_Zebra_Neutral_CSP
ZeeBee,Kragg,T_Kra_Default_Blue_CSP,Random,T_Ran_Blue,Etalus,T_Eta_Default_Green_CSP,Clairen,T_Cla_Default_Blue_CSP,Zetterburn,T_Zet_Default_Red_CSP,Orcane,T_Orc_Default_Red_CSP
Mars,Clairen,T_Cla_Default_Neutral_CSP
Crowbar,Kragg,T_Kra_Soccer_Neutral_CSP,Zetterburn,T_Zet_Default_Blue_CSP,Random,T_Ran_Blue
Reaper,Clairen,T_Cla_Default_Black_CSP,Forsburn,T_For_Abyss_Midnight_CSP,Etalus,T_Eta_Abyss_Midnight_CSP,Kragg,T_Kra_Salaryman_Blue_CSP,Galvan,T_Gal_Default_Black_CSP
John Fortnite,Maypul,T_May_Retro_Red_CSP,Ranno,T_Ran_LowPoly_Green_CSP
Sqibbo,Ranno,T_Ran_Solid_Black_CSP,Loxodont,T_Lox_Default_Red_CSP,Kragg,T_Kra_Rockstar_Red_CSP,Orcane,T_Orc_Axolotl_Neutral_CSP,Clairen,T_Cla_Tiger_Red_CSP,Olympia,T_Oly_Opossum_Neutral_CSP
QE,Clairen,T_Cla_Lovers_Red_CSP,Orcane,T_Orc_Clownfish_Neutral_CSP
Chum,Loxodont,T_Lox_Default_Orange_CSP,Clairen,T_Cla_Default_Orange_CSP
Katotan,Loxodont,T_Lox_Default_Black_CSP
Grunk,Zetterburn,T_Zet_Panther_Pink_CSP,Forsburn,T_For_Default_Black_CSP,Kragg,T_Kra_LadyBug_Red_CSP,Olympia,T_Oly_Default_Neutral_CSP,Clairen,T_Cla_Leopard_Pink_CSP
RC,Wrastor,T_Wra_Default_Neutral_CSP
Toiler,Loxodont,T_Lox_Lovers_Neutral_CSP
Ares,Zetterburn,T_Zet_Abyss_Midnight_CSP,Clairen,T_Cla_Ranger_Red_CSP,Absa,T_Abs_Mecha_Neutral_CSP
Hotel Pneumario,Loxodont,T_Lox_Default_Purple_CSP
Sh-Awe,Orcane,T_Orc_Genesis_Blue_CSP,Clairen,T_Cla_Ranger_Neutral_CSP,Kragg,T_Kra_Mecha_Blue_CSP,Galvan,T_Gal_Yuletide_Blue_CSP
Sophilo,Zetterburn,T_Zet_Panther_Neutral_CSP
Elu,Ranno,T_Ran_Tuxedo_Blue_CSP
Vastfollower,Orcane,T_Orc_LeopardShark_Neutral_CSP,Zetterburn,T_Zet_Flavorburn_Red_CSP,Olympia,T_Oly_Default_White_CSP,Ranno,T_Ran_Tuxedo_Neutral_CSP
Xen0,Kragg,T_Kra_Salaryman_Neutral_CSP
Lone,Maypul,T_May_Marten_Blue_CSP,Galvan,T_Gal_Halloween_Purple_CSP
Cesci,Ranno,T_Ran_Abyss_Neutral_CSP
Humanlime,Wrastor,T_Wra_Tailslide_Green_CSP,Orcane,T_Orc_Plushie_Green_CSP,Kragg,T_Kra_Retro_Red_CSP,Maypul,T_May_Civet_Red_CSP
Meechole,Loxodont,T_Lox_Giraffe_Red_CSP
Acorn,Zetterburn,T_Zet_Default_CoolBlue_CSP
Lucio,Zetterburn,T_Zet_Vampire_Neutral_CSP
Shadowhawke,Wrastor,T_Wra_Tailslide_Neutral_CSP
Hybrid Omega,Kragg,T_Kra_Snowman_Blue_CSP
Cou,Kragg,T_Kra_Snowman_Yellow_CSP,Clairen,T_Cla_Slasher_Neutral_CSP,La Reina,T_Lar_Primal_White_CSP
Suture,Ranno,T_Ran_Tuxedo_Pink_CSP
ybm,Wrastor,T_Wra_Parrot_Neutral_CSP,Fleet,T_Fle_Champion_Blue_CSP
nard,Clairen,T_Cla_Default_Purple_CSP
TTVarab_munny,Clairen,T_Cla_Default_Blue_CSP
ilikepizza107,Forsburn,T_For_Wasteland_Neutral_CSP
Robb (with 2 Bs),Orcane,T_Orc_BlueTang_Green_CSP
Pyrofish,Loxodont,T_Lox_Default_Neutral_CSP
Frostbite,Zetterburn,T_Zet_Dandelion_Green_CSP,Loxodont,T_Lox_Summer_Neutral_CSP,Olympia,T_Oly_Lovers_Yellow_CSP,Maypul,T_May_Champion_Blue_CSP,Clairen,T_Cla_Baseball_GOML_CSP,Ranno,T_Ran_Dart_Foil_CSP
Versinia,Fleet,T_Fle_Champion_Green_CSP
NibbyNibbyNub,Zetterburn,T_Zet_Cheetah_Blue_CSP
elkiies,Maypul,T_May_WinterStoat_Neutral_CSP,Zetterburn,T_Zet_Panther_Blue_CSP
Spiceepicklez,Clairen,T_Cla_L%C3%A9on_Green_CSP
Raven,Loxodont,T_Lox_Hockey_Green_CSP
Robb With 2 Bs,Orcane,T_Orc_Genesis_Neutral_CSP
Mkok,Zetterburn,T_Zet_Default_Neutral_CSP
Virgo,Orcane,T_Orc_Clownfish_Green_CSP,Olympia,T_Oly_Lovers_Green_CSP
Spyker,Zetterburn,T_Zet_Lovers_Neutral_CSP
JuanSolo,Loxodont,T_Lox_Lovers_Mint_CSP
BGunn,Olympia,T_Oly_LowPoly_Blue_CSP,Clairen,T_Cla_Champion_Blue_CSP
Sourkroutt,Clairen,T_Cla_Ranger_Neutral_CSP
leggy145,Kragg,T_Kra_Rockstar_Neutral_CSP
Godly,Ranno,T_Ran_Champion_Blue_CSP
OneHandFrank,Random,T_Ran_Black,Clairen,T_Cla_Default_Neutral_CSP,Zetterburn,T_Zet_Retro_Red_CSP
RobotRed,Olympia,T_Oly_Default_Neutral_CSP,Fleet,T_Fle_Default_Red_CSP
Magma,Wrastor,T_Wra_Primal_Red_CSP
Treelst,Wrastor,T_Wra_Parrot_Red_CSP
Oculus,Maypul,T_May_Skunk_Neutral_CSP
Minty!,Olympia,T_Oly_Default_White_CSP
ManNeeTee12,Loxodont,T_Lox_Default_Blue_CSP
ZAP,Absa,T_Abs_Default_Yellow_CSP
Markrealth,Etalus,T_Eta_Lucha_Blue_CSP,Kragg,T_Kra_Rockstar_Blue_CSP,Loxodont,T_Lox_Hockey_Green_CSP,Random,T_Ran_Blue
Ross,Zetterburn,T_Zet_Flavorburn_Green_CSP
Drewsephix,Orcane,T_Orc_Genesis_Neutral_CSP,Absa,T_Abs_Mecha_Red_CSP,Slade,T_Sla_Lovers_Neutral_CSP
Bowler,Clairen,T_Cla_Default_CoolBlue_CSP
hotel pneumario,Etalus,T_Eta_Striped_Red_CSP
Shard,Fleet,T_Fle_Summer_Blue_CSP,Maypul,T_May_Pirate_Red_CSP,Absa,T_Abs_Abyss_Blue_CSP
SapphireGD,Zetterburn,T_Zet_Cheetah_Blue_CSP
Nothigh,Loxodont,T_Lox_Lovers_Neutral_CSP,La Reina,T_Lar_Abyss_Red_CSP
Turnap,Ranno,T_Ran_Default_Summer_CSP,La Reina,T_Lar_Default_Blue_CSP
Thulium,Clairen,T_Cla_Elf_Red_CSP
The Glue,Loxodont,T_Lox_Default_Black_CSP
UniTy,Absa,T_Abs_Retro_Blue_CSP
SassyFlygon,Clairen,T_Cla_Default_Green_CSP
Bionicle,Maypul,T_May_Pirate_Neutral_CSP
JoshElChelito,Etalus,T_Eta_Primal_Green_CSP
Viviana,Loxodont,T_Lox_Lovers_White_CSP,Galvan,T_Gal_Genesis_Red_CSP,Kragg,T_Kra_Luchador_Neutral_CSP,La Reina,T_Lar_Evo_Blue_CSP,Zetterburn,T_Zet_Cheetah_Green_CSP,Clairen,T_Cla_Samurai_Red_CSP,Slade,T_Sla_Wobbegong_Green_CSP
Mask,Galvan,T_Gal_Default_Green_CSP,Forsburn,T_For_Retro_Neutral_CSP
Dr. Grin,Wrastor,T_Wra_Mecha_Midnight_CSP
Hockey,Zetterburn,T_Zet_Champion_Neutral_CSP
Ferrari77,Clairen,T_Cla_Mecha_Neutral_CSP
Waddlespch,Zetterburn,T_Zet_Excaliburn_Neutral_CSP
RubySoul,Forsburn,T_For_Default_Red_CSP
TekAjpu,Maypul,T_May_Mummy_Blue_CSP
Gordrack,Etalus,T_Eta_Retro_Green_CSP,Zetterburn,T_Zet_Excaliburn_Red_CSP
approx 7 moths,Loxodont,T_Lox_DarkFuture_Blue_CSP
RingWorm,Zetterburn,T_Zet_Default_Summer_CSP
Hamyojo,Olympia,T_Oly_LowPoly_Red_CSP
Speder6,Kragg,T_Kra_Salaryman_Neutral_CSP
Landon,Clairen,T_Cla_Leopard_Red_CSP
precisely 8 horses,Fleet,T_Fle_Abyss_Midnight_CSP
T4PJUMP3RR,Zetterburn,T_Zet_Santa_Blue_CSP
SmokedSam,Orcane,T_Orc_Abyss_Midnight_CSP
Nebulex,Loxodont,T_Lox_Chef_Red_CSP
Astrobeat,Absa,T_Abs_Retro_Blue_CSP
Unleashed,La Reina,T_Lar_Abyss_Blue_CSP
Lucent,Orcane,T_Orc_Retro_Neutral_CSP
Guren,Fleet,T_Fle_Sunny_Black_CSP
GirthwormJim,Forsburn,T_For_Wasteland_Blue_CSP
Turts,Zetterburn,T_Zet_Default_Purple_CSP
RachnerousBoyToy,La Reina,T_Lar_Evo_Red_CSP
RivalsRatGod,Olympia,T_Oly_Default_Neutral_CSP
MX Golli,Zetterburn,T_Zet_Panther_Neutral_CSP
Tacobros,Clairen,T_Cla_Champion_Neutral_CSP
Jugeeya,Fleet,T_Fle_Summer_Neutral_CSP
NatySolo,Orcane,T_Orc_Default_Brown_CSP
Rusy,Zetterburn,T_Zet_Flavorburn_Red_CSP,Galvan,T_Gal_Abyss_Midnight_CSP
OatmealTime,Zetterburn,T_Zet_Default_CoolBlue_CSP
mida,Clairen,T_Cla_Samurai_Green_CSP
Cy,Ranno,T_Ran_LowPoly_Blue_CSP
Faxmachine,Forsburn,T_For_Wasteland_Neutral_CSP
yasuo421,Galvan,T_Gal_Skink_Black_CSP
Joshua,Fleet,T_Fle_Default_Neutral_CSP
Rx,Clairen,T_Cla_Leopard_Neutral_CSP
Matthewnoid8,Orcane,T_Orc_Demigod_Blue_CSP
ThrowOut,Forsburn,T_For_Wasteland_Neutral_CSP
BlazingPasta,Galvan,T_Gal_Default_Green_CSP
Spypie,Fleet,T_Fle_Princess_Blue_CSP
Gab,La Reina,T_Lar_Abyss_Midnight_CSP
Rayne,Kragg,T_Kra_Abyss_Midnight_CSP
Coach Zeke,Etalus,T_Eta_Default_Green_CSP
Mr.Watch&Learn,Etalus,T_Eta_Default_Green_CSP
Toothbrush,Ranno,T_Ran_Default_Neutral_CSP
Lucius,Ranno,T_Ran_Default_Blue_CSP
Switch,Galvan,T_Gal_Default_Red_CSP
Windforce,Ranno,T_Ran_Default_Red_CSP
Hyperflame,Zetterburn,T_Zet_Default_Neutral_CSP
Nori,Absa,T_Abs_Witch_Neutral_CSP
AliceisAdjective,Maypul,T_May_Sylvan_Red_CSP
Alkali,Orcane,T_Orc_Abyss_Neutral_CSP
F4keNotR3al,Loxodont,T_Lox_Gardener_Blue_CSP
jees,Orcane,T_Orc_Prehistoric_CoolBlue_CSP
Entropy,Absa,T_Abs_Apprentice_Blue_CSP
Z_hime,Absa,T_Abs_BoerGoat_Neutral_CSP
Landkon2,Galvan,T_Gal_Yuletide_Green_CSP
Ana Hajarajanaan,Clairen,T_Cla_Pirate_Red_CSP
Nimbus,Slade,T_Sla_Default_Neutral_CSP,Fleet,T_Fle_Pajama_Neutral_CSP
Arbs,Kragg,T_Kra_Salaryman_Red_CSP
LittleBoi,Kragg,T_Kra_LowPoly_Blue_CSP
Goose,Ranno,T_Ran_Tuxedo_Neutral_CSP
ProZ,Maypul,T_May_Retro_Red_CSP
Geo,La Reina,T_Lar_Pajama_Blue_CSP
JGamer,Etalus,T_Eta_Champion_Blue_CSP
LemonCake,Orcane,T_Orc_RootBeerFloat_Green_CSP,Slade,T_Sla_Abyss_Blue_CSP,Clairen,T_Cla_RainyDay_Red_CSP
the problem causer,Orcane,T_Orc_Default_Brown_CSP
Ant,Ranno,T_Ran_Dart_Foil_CSP
MonkadZ,Forsburn,T_For_Ranger_Green_CSP
Fidel Ca$htro,Zetterburn,T_Zet_LowPoly_Red_CSP
Silly Goose 87,Slade,T_Sla_Lovers_Green_CSP
maya,Orcane,T_Orc_Demigod_Green_CSP
Teri,Olympia,T_Oly_Baker_Black_CSP
Env3lop,Wrastor,T_Wra_Puffin_Neutral_CSP
DrLobster,Kragg,T_Kra_Salaryman_Neutral_CSP
Triforce!,Forsburn,T_For_SmokeClan_Yellow_CSP
